{
  "IZEncoder.AvisynthBridge.dll": {
    "CanChange": false,
    "Size": 272384,
    "CompressSize": 71497,
    "Hash": "9a5fb5928ac93329224f0928ac4488f1",
    "Time": "2020-09-14T14:29:46.3961878Z"
  },
  "IZEncoder.AvisynthPlayer.dll": {
    "CanChange": false,
    "Size": 1089024,
    "CompressSize": 1044690,
    "Hash": "82dd4ac29c001b6e4a967fae83d74db8",
    "Time": "2020-04-12T13:13:30.8918644Z"
  },
  "IZEncoder.exe": {
    "CanChange": false,
    "Size": 6292480,
    "CompressSize": 5381099,
    "Hash": "9f05bfb2a15325bb756f1f8d4b7213bf",
    "Time": "2020-09-15T04:10:57.4377436Z"
  },
  "IZEncoder.pdb": {
    "CanChange": false,
    "Size": 1072640,
    "CompressSize": 237259,
    "Hash": "3bf24822b9e1509e79bf626af56bb198",
    "Time": "2020-09-15T04:10:57.4567435Z"
  },
  "avisynth\\aWarpsharpMT.dll": {
    "CanChange": false,
    "Size": 302080,
    "CompressSize": 61761,
    "Hash": "27a7c95d5d4960ce1c7991065087af21",
    "Time": "2018-04-07T10:11:26Z"
  },
  "avisynth\\ffms2.dll": {
    "CanChange": false,
    "Size": 16459264,
    "CompressSize": 7186728,
    "Hash": "2aa21c60baf2578b1737d0446ee7daaf",
    "Time": "2020-08-22T11:24:27.3204109Z"
  },
  "avisynth\\IZEScript.avsi": {
    "CanChange": false,
    "Size": 5812,
    "CompressSize": 1885,
    "Hash": "9e1ac2cb7ae59ea4ec4a1e70e0ac1195",
    "Time": "2020-08-27T08:15:54.8672187Z"
  },
  "avisynth\\IZUnicodeAvisynth.dll": {
    "CanChange": false,
    "Size": 41472,
    "CompressSize": 20040,
    "Hash": "6c5a75207ae6549add99726447a51ab9",
    "Time": "2020-08-11T16:33:46.6050791Z"
  },
  "avisynth\\svpflow1.dll": {
    "CanChange": false,
    "Size": 752128,
    "CompressSize": 318873,
    "Hash": "0d81c1b50de4691f4116461124f3cec6",
    "Time": "2017-10-13T11:48:14.9854653Z"
  },
  "avisynth\\svpflow2.dll": {
    "CanChange": false,
    "Size": 852992,
    "CompressSize": 404279,
    "Hash": "fa3727d15b9f360d1067e6099c8468fd",
    "Time": "2017-10-18T13:30:35.3980626Z"
  },
  "avisynth\\VSFilter.dll": {
    "CanChange": false,
    "Size": 2207232,
    "CompressSize": 965257,
    "Hash": "d317f1f6a79aeffc059d98fdf87f3140",
    "Time": "2018-05-20T13:33:41.9616878Z"
  },
  "avisynth\\VSFilterMod.dll": {
    "CanChange": false,
    "Size": 3971584,
    "CompressSize": 1735964,
    "Hash": "a835dcf3a82cf3d0aa4b325e1b73941b",
    "Time": "2018-05-20T13:33:40.7691788Z"
  },
  "avisynth\\IZTextSubMT.dll": {
    "CanChange": false,
    "Size": 136704,
    "CompressSize": 61921,
    "Hash": "276ffdd240ad7c156065043c29cb03cf",
    "Time": "2020-09-16T04:54:59.5219293Z"
  },
  "avisynth\\IZTextSubMT.SubProcess.exe": {
    "CanChange": false,
    "Size": 54784,
    "CompressSize": 24671,
    "Hash": "c904cd40234fdaf375a99810d5391c16",
    "Time": "2020-09-16T04:54:43.5040172Z"
  },
  "encoder\\audio.cpu.aac.default.json": {
    "CanChange": false,
    "Size": 546,
    "CompressSize": 317,
    "Hash": "8696352c3377a3b063ad891371da4cb9",
    "Time": "2018-08-11T08:49:11.6801593Z"
  },
  "encoder\\audio.cpu.fdkaac.default.json": {
    "CanChange": false,
    "Size": 557,
    "CompressSize": 326,
    "Hash": "492999ecfc3e76629a926271ca773fd4",
    "Time": "2018-08-11T08:49:21.9797352Z"
  },
  "encoder\\container.cpu.mkv.default.json": {
    "CanChange": false,
    "Size": 197,
    "CompressSize": 165,
    "Hash": "c42b3cd276c23d66477289cdddea6e50",
    "Time": "2018-07-28T16:09:42.0941792Z"
  },
  "encoder\\container.cpu.mp4.default.json": {
    "CanChange": false,
    "Size": 343,
    "CompressSize": 198,
    "Hash": "98db54bff5dd17e7f5ccd3c4163f461a",
    "Time": "2018-07-27T10:40:25.0516711Z"
  },
  "encoder\\video.cpu.libx264.default.json": {
    "CanChange": false,
    "Size": 2453,
    "CompressSize": 715,
    "Hash": "cdefa2dcbe6c14beda1ec877e5b59929",
    "Time": "2018-08-11T09:27:16.5831474Z"
  },
  "encoder\\video.nvenc.h264_nvenc.default.json": {
    "CanChange": false,
    "Size": 1806,
    "CompressSize": 576,
    "Hash": "acdcaeb64a806a82ef8ff43b42fba7d4",
    "Time": "2018-08-11T09:34:23.5313394Z"
  },
  "encoder\\audio.cpu.flac.json": {
    "CanChange": true,
    "Size": 774,
    "CompressSize": 361,
    "Hash": "263886f05213d5c7b1f66d951f4a8325",
    "Time": "2020-08-11T08:53:35.8587624Z"
  },
  "encoder\\video.qsv.h264_qsv.default.json": {
    "CanChange": false,
    "Size": 1781,
    "CompressSize": 564,
    "Hash": "d6974822ddd520d9ecba5aa031318779",
    "Time": "2018-08-11T12:03:42.0069369Z"
  },
  "ffmpeg\\check.json": {
    "CanChange": false,
    "Size": 569,
    "CompressSize": 232,
    "Hash": "f0e5948d2f999377b947c9b379a53d8c",
    "Time": "2018-08-11T08:44:57.3514045Z"
  },
  "ffmpeg\\COPYING.GPLv3.txt": {
    "CanChange": false,
    "Size": 35821,
    "CompressSize": 12315,
    "Hash": "3c34afdc3adf82d2448f12715a255122",
    "Time": "2018-07-28T06:14:13Z"
  },
  "ffmpeg\\ffmpeg.exe": {
    "CanChange": false,
    "Size": 84595200,
    "CompressSize": 38506311,
    "Hash": "506ea9de2e167f595b61decb2f36ad06",
    "Time": "2018-08-08T13:06:08.8793149Z"
  },
  "ffmpeg\\ffprobe.exe": {
    "CanChange": false,
    "Size": 84503552,
    "CompressSize": 38454873,
    "Hash": "a8b5e1b5e219a233f46e2da1c099265c",
    "Time": "2018-08-08T13:06:09.7633019Z"
  },
  "filter\\IZEImageLogo.json": {
    "CanChange": false,
    "Size": 3334,
    "CompressSize": 794,
    "Hash": "6d13bee619658a7729e11a5267f69bdf",
    "Time": "2018-07-15T09:42:36.5127552Z"
  },
  "filter\\Levels.json": {
    "CanChange": false,
    "Size": 4074,
    "CompressSize": 903,
    "Hash": "a4cf5133f828c04a04b23d0fc746f250",
    "Time": "2018-07-12T07:56:24.4648564Z"
  },
  "filter\\Tweak.json": {
    "CanChange": false,
    "Size": 8603,
    "CompressSize": 1447,
    "Hash": "4f69d9942bae65407908e641567cbdb0",
    "Time": "2018-07-12T08:21:40.7584099Z"
  },
  "lib\\avutil-56.dll": {
    "CanChange": false,
    "Size": 654336,
    "CompressSize": 294930,
    "Hash": "aec1a7c7d8960acdee487ca80375727f",
    "Time": "2018-05-18T20:33:58Z"
  },
  "lib\\freetype.dll": {
    "CanChange": false,
    "Size": 818176,
    "CompressSize": 349111,
    "Hash": "65cf37cac459408b77c3cd9f7e07ffa2",
    "Time": "2018-05-09T13:31:51.7981221Z"
  },
  "lib\\MediaInfo.dll": {
    "CanChange": false,
    "Size": 6039160,
    "CompressSize": 2391039,
    "Hash": "f55d797c1de2db549925595e4bf7d16c",
    "Time": "2018-05-08T11:21:42.8410447Z"
  },
  "lib\\SoundTouch.dll": {
    "CanChange": false,
    "Size": 160568,
    "CompressSize": 83424,
    "Hash": "a3e9416bcd4f95182ba0ada4cb07b8f3",
    "Time": "2017-11-27T17:28:18.793655Z"
  },
  "lib\\swscale-5.dll": {
    "CanChange": false,
    "Size": 539648,
    "CompressSize": 167076,
    "Hash": "e7c307d52d0fb196220ec00133814ac2",
    "Time": "2018-05-18T20:33:58Z"
  },
  "template\\cpu.h264.aac.default.json": {
    "CanChange": true,
    "Size": 362,
    "CompressSize": 245,
    "Hash": "47c940c3fdb7e0c327bc8b5181b99725",
    "Time": "2018-08-11T08:45:59.8332852Z"
  },
  "template\\nvenc.h264.aac.default.json": {
    "CanChange": true,
    "Size": 368,
    "CompressSize": 251,
    "Hash": "3c1e60f05fe470f2d8127ac93cfe6dcf",
    "Time": "2018-08-11T09:34:42.0988753Z"
  },
  "template\\qsv.h264.aac.default.json": {
    "CanChange": true,
    "Size": 366,
    "CompressSize": 251,
    "Hash": "5f77eb30889c90547873f20bcfea4a66",
    "Time": "2018-08-11T09:35:22.0233952Z"
  },
  "template\\nvenc.h264.flac.bluray.mkv.json": {
    "CanChange": true,
    "Size": 426,
    "CompressSize": 291,
    "Hash": "a4ffe833539c496a0d36694a81bd901f",
    "Time": "2020-08-11T09:00:19.2529827Z"
  },
  "template\\cpu.h264.flac.bluray.mkv.json": {
    "CanChange": true,
    "Size": 456,
    "CompressSize": 304,
    "Hash": "0fd4cf741be9eb34f4d1e63313ff7cf5",
    "Time": "2020-08-11T08:54:54.9489654Z"
  }
}